model,Blade layer,Openers layer,Scissors layer,Pliers layer,Wood saw layer,Metal saw layer,Magnifier layer,Fish scaler layer,Spatula layer,Pruner layer,Electrician layer,Divot layer,Cyber layer,Lighter layer,Combo layer (extra),Serrated layer (extra),Watch case opener layer,Wrench layer,Sight adjustment layer,Coffee spatula layer,Nozzle remover layer
Baker's Knife,Large Blade,,,,,,,,,,,,,,,,,,,,
Golfer Special,Large Blade + Divot Tool + Corkscrew,,,,,,,,,,,,,,,,,,,,
Waiter Plus,Large Blade + Combo Tool + Corkscrew,,,,,,,,,,,,,,,,,,,,
American Eagle,Large Blade + Small Blade + Phillips Screwdriver (Backspring),Cap-lifter / Bottle Opener + Can Opener + Fine Screwdriver,,,,,,,,,,,,,,,,,,,
Compact,Large Blade + Combo Tool + Corkscrew,,Scissors + Multipurpose Hook,,,,,,,,,,,,,,,,,,
DofE Pocket Tool,Large Blade + Combo Tool + Phillips Screwdriver (Backspring),,Scissors + Multipurpose Hook,,,,,,,,,,,,,,,,,,
Engineer,Large Blade + Technician's Screwdriver + Corkscrew,,,,,,Magnifying Glass + Phillips Screwdriver (Inline),,,,,,,,,,,,,,
Golfer,Large Blade + Combo Tool + Corkscrew,,Scissors,,,,,,,,,,,,,,,,,,
Lumberjack Big,Large Blade + Combo Tool + Corkscrew,,,,Wood Saw,,,,,,,,,,,,,,,,
McKinley,Large Blade + Small Blade + Phillips Screwdriver (Backspring),Cap-lifter / Bottle Opener + Can Opener + Reamer / Awl,,,,,,,,,,,,,,,,,,,
Scientist,Large Blade + Combo Tool + Corkscrew,,,,,,Magnifying Glass + Phillips Screwdriver (Inline),,,,,,,,,,,,,,
Spartan,Large Blade + Small Blade + Corkscrew,Cap-lifter / Bottle Opener + Can Opener + Reamer / Awl,,,,,,,,,,,,,,,,,,,
Special Mechanic,Large Blade + Combo Tool + Phillips Screwdriver (Backspring),,,Pliers,,,,,,,,,,,,,,,,,
Standard,Large Blade + Small Blade + Corkscrew,Cap-lifter / Bottle Opener + Can Opener + Reamer / Awl,,,,,,,,,,,,,,,,,,,
TimeKeeper,Large Blade + Combo Tool + Corkscrew,,Scissors + Multipurpose Hook,,,,,,,,,,,,,,,,,,
TimeKeeper Alarm,Large Blade + Small Blade + Phillips Screwdriver (Backspring),Cap-lifter / Bottle Opener + Can Opener + Reamer / Awl,,,,,,,,,,,,,,,,,,,
Tinker,Large Blade + Small Blade + Phillips Screwdriver (Backspring),Cap-lifter / Bottle Opener + Can Opener + Reamer / Awl,,,,,,,,,,,,,,,,,,,
Weekender,Large Blade (Serrated) + Small Blade + Corkscrew,Cap-lifter / Bottle Opener + Can Opener + Reamer / Awl,,,,,,,,,,,,,,,,,,,
Battle of Morgarten,Large Blade + Small Blade + Corkscrew,Cap-lifter / Bottle Opener + Can Opener + Reamer / Awl,,,,,,,,,,,,,,,,,,,
Battle of Laupen,Large Blade + Small Blade + Corkscrew,Cap-lifter / Bottle Opener + Can Opener + Reamer / Awl,,,Wood Saw,,,,,,,,,,,,,,,,
Battle of Sempach,Large Blade + Small Blade + Corkscrew,Cap-lifter / Bottle Opener + Can Opener + Reamer / Awl,Scissors,,,,,,,,,,,,,,,,,,
Battle of Nafels,Large Blade + Small Blade + Corkscrew,Cap-lifter / Bottle Opener + Can Opener + Reamer / Awl,Scissors,,Wood Saw,,,,,,,,,,,,,,,,
Battle of St. Jakob,Large Blade + Small Blade + Corkscrew,Cap-lifter / Bottle Opener + Can Opener + Reamer / Awl,,,,,Magnifying Glass + Phillips Screwdriver (Inline),,,,,,,,,,,,,,
Battle of Murten,Large Blade + Small Blade + Corkscrew,Cap-lifter / Bottle Opener + Can Opener + Reamer / Awl,,,,,,Fish Scaler,,,,,,,,,,,,,
Altimeter,Large Blade + Small Blade + Corkscrew,Cap-lifter / Bottle Opener + Can Opener + Reamer / Awl,Scissors + Multipurpose Hook,,,,,,,,,,,,,,,,,,
Automobile,Large Blade + Technician's Screwdriver + Phillips Screwdriver (Backspring),Cap-lifter / Bottle Opener + Can Opener + Reamer / Awl,,,,Metal Saw / File,,,,,,,,,,,,,,,
Automobile Special,Large Blade + Small Blade + Phillips Screwdriver (Backspring),Cap-lifter / Bottle Opener + Can Opener + Reamer / Awl,,,,Metal Saw / File,,,,,,,,,,,,,,,
Camper,Large Blade + Small Blade + Corkscrew,Cap-lifter / Bottle Opener + Can Opener + Reamer / Awl,,,Wood Saw,,,,,,,,,,,,,,,,
Climber,Large Blade + Small Blade + Corkscrew,Cap-lifter / Bottle Opener + Can Opener + Reamer / Awl,Scissors + Multipurpose Hook,,,,,,,,,,,,,,,,,,
Companion,Large Blade + Corkscrew,Cap-lifter / Bottle Opener + Box Opener + Nail File + Reamer / Awl,Scissors + Multipurpose Hook,,,,,,,,,,,,,,,,,,
Clipper,Large Blade + Small Blade + Corkscrew,Cap-lifter / Bottle Opener + Can Opener + Reamer / Awl,,,,Metal Saw / File,,,,,,,,,,,,,,,
Cybertool S (29),Large Blade + Small Blade + Corkscrew,Cap-lifter / Bottle Opener + Can Opener + Reamer / Awl,,,,,,,,,,,Bit Driver,,,,,,,,
FASS 90,Large Blade + Small Blade + Corkscrew,Cap-lifter / Bottle Opener + Can Opener + Reamer / Awl,,,,,,,,,,,,,,,,,Sight Adjustment Tools,,
Hiker,Large Blade + Small Blade + Phillips Screwdriver (Backspring),Cap-lifter / Bottle Opener + Can Opener + Reamer / Awl,,,Wood Saw,,,,,,,,,,,,,,,,
Mechanic,Large Blade + Small Blade + Phillips Screwdriver (Backspring),Cap-lifter / Bottle Opener + Can Opener + Reamer / Awl,,Pliers,,,,,,,,,,,,,,,,,
Oath of Rutli,Large Blade + Small Blade + Corkscrew,Cap-lifter / Bottle Opener + Can Opener + Reamer / Awl,,Pliers,,,,,,,,,,,,,,,,,
Passenger,Large Blade + Small Blade + Corkscrew,Cap-lifter / Bottle Opener + Can Opener + Reamer / Awl,,,,,Magnifying Glass + Phillips Screwdriver (Inline),,,,,,,,,,,,,,
Picnicker,Large Blade (Serrated) + Pruning Blade + Corkscrew,Cap-lifter / Bottle Opener + Can Opener + Reamer / Awl,,,Wood Saw,,,,,,,,,,,,,,,,
Spartan Lite,Large Blade + Small Blade + Corkscrew,Cap-lifter / Bottle Opener + Can Opener + Reamer / Awl,,,,,Phillips Screwdriver (Inline) + LED Light,,,,,,,,,,,,,,
Super Tinker,Large Blade + Small Blade + Phillips Screwdriver (Backspring),Cap-lifter / Bottle Opener + Can Opener + Reamer / Awl,Scissors + Multipurpose Hook,,,,,,,,,,,,,,,,,,
Trail Guide,Large Blade + Combo Tool + Corkscrew,,Scissors + Multipurpose Hook,,,Metal Saw / File,,,,,,,,,,,,,,,
Traveller,Large Blade + Small Blade + Corkscrew,Cap-lifter / Bottle Opener + Can Opener + Reamer / Awl,Scissors + Multipurpose Hook,,,,,,,,,,,,,,,,,,
Voyager,Large Blade + Small Blade + Corkscrew,Cap-lifter / Bottle Opener + Can Opener + Reamer / Awl,Scissors + Multipurpose Hook,,,,,,,,,,,,,,,,,,
Wild Turkey,Large Blade + Small Blade + Phillips Screwdriver (Backspring),Cap-lifter / Bottle Opener + Can Opener + Fine Screwdriver,,,Wood Saw,,,,,,,,,,,,,,,,
Yeoman,Large Blade + Combo Tool + Corkscrew,,Scissors + Multipurpose Hook,,,,Magnifying Glass + Phillips Screwdriver (Inline),,,,,,,,,,,,,,
Altimeter Plus,Large Blade + Small Blade + Corkscrew,Cap-lifter / Bottle Opener + Can Opener + Reamer / Awl,Scissors + Multipurpose Hook,,Wood Saw + Fine Screwdriver,,,,,,,,,,,,,,,,
Angler,Large Blade + Small Blade + Corkscrew,Cap-lifter / Bottle Opener + Can Opener + Reamer / Awl,,Pliers,,,,Fish Scaler,,,,,,,,,,,,,
Bass Fishing,Large Blade + Small Blade + Phillips Screwdriver (Backspring),Cap-lifter / Bottle Opener + Can Opener + Fine Screwdriver,,Pliers,,,,Fish Scaler,,,,,,,,,,,,,
CampFlame,Large Blade + Small Blade + Corkscrew,Cap-lifter / Bottle Opener + Can Opener + Reamer / Awl,,,Wood Saw + Fine Screwdriver,,,,,,,,,Butane Lighter,,,,,,,
Climber Lite,Large Blade + Small Blade + Corkscrew,Cap-lifter / Bottle Opener + Can Opener + Reamer / Awl,Scissors + Multipurpose Hook,,,,Phillips Screwdriver (Inline) + LED Light,,,,,,,,,,,,,,
Cybertool M (34),Large Blade + Small Blade + Corkscrew,Cap-lifter / Bottle Opener + Can Opener + Reamer / Awl,Scissors + Multipurpose Hook,Pliers,,,,,,,,,Bit Driver,,,,,,,,
CyberYeoman,Large Blade + Combo Tool + Corkscrew,,Scissors + Multipurpose Hook,,,,Magnifying Glass + Phillips Screwdriver (Inline),,,,,,Bit Driver,,,,,,,,
Deluxe Climber,Large Blade + Small Blade + Corkscrew,Cap-lifter / Bottle Opener + Can Opener + Reamer / Awl,Scissors + Multipurpose Hook,Pliers,,,,,,,,,,,,,,,,,
Deluxe Tinker,Large Blade + Small Blade + Phillips Screwdriver (Backspring),Cap-lifter / Bottle Opener + Can Opener + Reamer / Awl,Scissors + Multipurpose Hook,Pliers,,,,,,,,,,,,,,,,,
Explorer,Large Blade + Small Blade + Corkscrew,Cap-lifter / Bottle Opener + Can Opener + Reamer / Awl,Scissors + Multipurpose Hook,,,,Magnifying Glass + Phillips Screwdriver (Inline),,,,,,,,,,,,,,
Fieldmaster,Large Blade + Small Blade + Phillips Screwdriver (Backspring),Cap-lifter / Bottle Opener + Can Opener + Reamer / Awl,Scissors + Multipurpose Hook,,Wood Saw,,,,,,,,,,,,,,,,
Fisherman,Large Blade + Small Blade + Phillips Screwdriver (Backspring),Cap-lifter / Bottle Opener + Can Opener + Reamer / Awl,Scissors + Multipurpose Hook,,,,,Fish Scaler,,,,,,,,,,,,,
Grand Prix,Large Blade + Small Blade + Phillips Screwdriver (Backspring),Cap-lifter / Bottle Opener + Can Opener + Reamer / Awl,Scissors + Multipurpose Hook,,,Metal Saw / File + Fine Screwdriver,,,,,,,,,,,,,,,
Huntsman,Large Blade + Small Blade + Corkscrew,Cap-lifter / Bottle Opener + Can Opener + Reamer / Awl,Scissors + Multipurpose Hook,,Wood Saw,,,,,,,,,,,,,,,,
Master Electrician,Large Blade + Electrician's Blade + Phillips Screwdriver (Backspring),Cap-lifter / Bottle Opener + Can Opener + Fine Screwdriver,,Pliers,,,Phillips Screwdriver (Inline) + LED Light,,,,,,,,,,,,,,
Master Gardener,Large Blade + Pruning Blade + Phillips Screwdriver (Backspring),Cap-lifter / Bottle Opener + Can Opener + Reamer / Awl,,,Wood Saw,,Phillips Screwdriver (Inline) + LED Light,,,,,,,,,,,,,,
Mountaineer,Large Blade + Small Blade + Corkscrew,Cap-lifter / Bottle Opener + Can Opener + Reamer / Awl,Scissors + Multipurpose Hook,,,Metal Saw / File,,,,,,,,,,,,,,,
SwissFlame,Large Blade + Small Blade + Corkscrew,Cap-lifter / Bottle Opener + Can Opener + Reamer / Awl,Scissors + Multipurpose Hook,,,,,,,,,,,Butane Lighter,,,,,,,
Traveller Lite,Large Blade + Small Blade + Corkscrew,Cap-lifter / Bottle Opener + Can Opener + Reamer / Awl,Scissors + Multipurpose Hook,,,,Phillips Screwdriver (Inline) + LED Light,,,,,,,,,,,,,,
Voyager Lite,Large Blade + Small Blade + Corkscrew,Cap-lifter / Bottle Opener + Can Opener + Reamer / Awl,Scissors + Multipurpose Hook,,,,Phillips Screwdriver (Inline) + LED Light,,,,,,,,,,,,,,
Whitetail Deer,Large Blade + Small Blade + Phillips Screwdriver (Backspring),Cap-lifter / Bottle Opener + Can Opener + Fine Screwdriver,,,Wood Saw,,Phillips Screwdriver (Inline) + LED Light,,,,,,,,,,,,,,
Woodsman,Large Blade + Small Blade + Corkscrew,Cap-lifter / Bottle Opener + Can Opener + Reamer / Awl,Scissors + Multipurpose Hook,,Wood Saw + Fine Screwdriver,,Magnifying Glass + Phillips Screwdriver (Inline),,,,,,,,,,,,,,
Yeoman Mechanic,Large Blade + Combo Tool + Corkscrew,,Scissors + Multipurpose Hook,Pliers,,,Magnifying Glass + Phillips Screwdriver (Inline),,,,,,,,,,,,,,
Angler Plus,Large Blade + Small Blade + Corkscrew,Cap-lifter / Bottle Opener + Can Opener + Reamer / Awl,,Pliers,Wood Saw,,,Fish Scaler,,,,,,,,,,,,,
Barista Tool,Large Blade + Small Blade + Corkscrew,Cap-lifter / Bottle Opener + Can Opener + Reamer / Awl,,Pliers + Phillips Screwdriver (Inline),,,,,,,,,,,,,,,,Coffee Spatula,Steam Wand Nozzle Remover
Deluxe Angler / Waterman,Large Blade + Small Blade + Corkscrew,Cap-lifter / Bottle Opener + Can Opener + Reamer / Awl,Scissors + Multipurpose Hook,Pliers,,,,Fish Scaler,,,,,,,,,,,,,
Fisherman Plus,Large Blade + Small Blade + Phillips Screwdriver (Backspring),Cap-lifter / Bottle Opener + Can Opener + Reamer / Awl,Scissors + Multipurpose Hook,,Wood Saw,,,Fish Scaler,,,,,,,,,,,,,
Handyman 7236maU,Large Blade + Technician's Screwdriver + Corkscrew,Cap-lifter / Bottle Opener + Can Opener + Reamer / Awl,Scissors,,Wood Saw,Metal Saw / File,,,,,,,,,,,,,,,
Huntsman Lite,Large Blade + Small Blade + Corkscrew,Cap-lifter / Bottle Opener + Can Opener + Reamer / Awl,Scissors + Multipurpose Hook,,Wood Saw + Fine Screwdriver,,Phillips Screwdriver (Inline) + LED Light,,,,,,,,,,,,,,
Luxury Automobile,Large Blade + Technician's Screwdriver + Phillips Screwdriver (Backspring),Cap-lifter / Bottle Opener + Can Opener + Reamer / Awl,Scissors + Long Nail File,,Wood Saw,Metal Saw / File,,,,,,,,,,,,,,,
Master Craftsman,Large Blade + Small Blade + Phillips Screwdriver (Backspring),Cap-lifter / Bottle Opener + Can Opener + Reamer / Awl,Scissors + Multipurpose Hook,,Wood Saw + Chisel,Metal Saw / File + Fine Screwdriver,,,,,,,,,,,,,,,
Master Fisherman,Large Blade + Small Blade + Phillips Screwdriver (Backspring),Cap-lifter / Bottle Opener + Can Opener + Reamer / Awl,Scissors,Pliers,,,,Fish Scaler,,,,,,,,,,,,,
Modeler,Large Blade + Small Blade + Corkscrew,Cap-lifter / Bottle Opener + Can Opener + Reamer / Awl,Scissors,,,Metal Saw / File,Magnifying Glass + Phillips Screwdriver (Inline),,,,,,,,,,,,,,
Motorist,Large Blade + Small Blade + Corkscrew,Cap-lifter / Bottle Opener + Can Opener + Reamer / Awl,Scissors + Multipurpose Hook,Pliers,Wood Saw + Fine Screwdriver,,,,,,,,,,,,,,,,
Mountaineer Lite,Large Blade + Small Blade + Corkscrew,Cap-lifter / Bottle Opener + Can Opener + Reamer / Awl,Scissors + Multipurpose Hook,,,Metal Saw / File + Chisel,Phillips Screwdriver (Inline) + LED Light,,,,,,,,,,,,,,
Outdoorsman-Original,Large Blade (Serrated) + Pruning Blade + Corkscrew,Cap-lifter / Bottle Opener + Can Opener + Reamer / Awl,Scissors,,Wood Saw,Metal Saw / File,,,,,,,,,,,,,,,
Ranger,Large Blade + Small Blade + Corkscrew,Cap-lifter / Bottle Opener + Can Opener + Reamer / Awl,Scissors + Multipurpose Hook,,Wood Saw + Chisel,Metal Saw / File + Fine Screwdriver,,,,,,,,,,,,,,,
Troubleshooter,Large Blade + Small Blade + Phillips Screwdriver (Backspring),Cap-lifter / Bottle Opener + Can Opener + Reamer / Awl,Scissors + Multipurpose Hook,Pliers,,Metal Saw / File + Chisel,,,,,,,,,,,,,,,
Champion A,Large Blade + Small Blade + Corkscrew,Cap-lifter / Bottle Opener + Can Opener + Reamer / Awl,Scissors + Long Nail File,,Wood Saw,Metal Saw / File,,Fish Scaler,,,,,,,,,,,,,
Champion B,Large Blade + Small Blade + Phillips Screwdriver (Backspring),Cap-lifter / Bottle Opener + Can Opener + Reamer / Awl,Scissors + Long Nail File,,Wood Saw,Metal Saw / File,,Fish Scaler,,,,,,,,,,,,,
Craftsman,Large Blade + Small Blade + Phillips Screwdriver (Backspring),Cap-lifter / Bottle Opener + Can Opener + Reamer / Awl,Scissors + Multipurpose Hook,Pliers,Wood Saw + Chisel,Metal Saw / File + Fine Screwdriver,,,,,,,,,,,,,,,
Expedition Lite,Large Blade + Small Blade + Corkscrew,Cap-lifter / Bottle Opener + Can Opener + Reamer / Awl,Scissors + Multipurpose Hook,,Wood Saw + Chisel,Metal Saw / File + Fine Screwdriver,Phillips Screwdriver (Inline) + LED Light,,,,,,,,,,,,,,
Handyman,Large Blade + Small Blade + Corkscrew,Cap-lifter / Bottle Opener + Can Opener + Reamer / Awl,Scissors + Multipurpose Hook,Pliers,Wood Saw + Chisel,Metal Saw / File + Fine Screwdriver,,,,,,,,,,,,,,,
Outdoorsman,Large Blade + Small Blade + Corkscrew,Cap-lifter / Bottle Opener + Can Opener + Reamer / Awl,Scissors + Multipurpose Hook,,Wood Saw + Fine Screwdriver,,Magnifying Glass + Phillips Screwdriver (Inline),Fish Scaler,,,,,,,,,,,,,
Champion C,Large Blade + Small Blade + Corkscrew,Cap-lifter / Bottle Opener + Can Opener + Reamer / Awl,Scissors + Multipurpose Hook,,Wood Saw + Chisel,Metal Saw / File + Fine Screwdriver,Magnifying Glass + Phillips Screwdriver (Inline),Fish Scaler,,,,,,,,,,,,,
Champion Plus,Large Blade + Small Blade + Corkscrew,Cap-lifter / Bottle Opener + Can Opener + Reamer / Awl,Scissors + Multipurpose Hook,,Wood Saw + Chisel,Metal Saw / File + Fine Screwdriver,Magnifying Glass + Phillips Screwdriver (Inline),Fish Scaler,,,,,,,,,,,,,
Cybertool L (41),Large Blade + Small Blade + Corkscrew,Cap-lifter / Bottle Opener + Can Opener + Reamer / Awl,Scissors + Multipurpose Hook,Pliers,Wood Saw + Chisel,Metal Saw / File + Fine Screwdriver,,,,,,,Bit Driver,,,,,,,,
Cybertool Lite,Large Blade + Small Blade + Corkscrew,Cap-lifter / Bottle Opener + Can Opener + Reamer / Awl,Scissors + Multipurpose Hook,Pliers,,,Magnifying Glass + LED Light,,,,,,Bit Driver,,,,,,,,
SwissChamp,Large Blade + Small Blade + Corkscrew,Cap-lifter / Bottle Opener + Can Opener + Reamer / Awl,Scissors + Multipurpose Hook,Pliers,Wood Saw + Chisel,Metal Saw / File + Fine Screwdriver,Magnifying Glass + Phillips Screwdriver (Inline),Fish Scaler,,,,,,,,,,,,,
SwissChamp XL,Large Blade + Small Blade + Corkscrew,Cap-lifter / Bottle Opener + Can Opener + Reamer / Awl,Scissors + Multipurpose Hook,Pliers,Wood Saw + Chisel,Metal Saw / File + Fine Screwdriver,Magnifying Glass + Phillips Screwdriver (Inline),Fish Scaler,Pharmaceutical Spatula,,Pruning Blade + Electrician's Blade,Divot Tool,,,,,,,,,
SwissChamp XLT,Large Blade + Small Blade + Corkscrew,Cap-lifter / Bottle Opener + Can Opener + Reamer / Awl,Scissors + Multipurpose Hook,Pliers,Wood Saw + Chisel,Metal Saw / File + Fine Screwdriver,Magnifying Glass + Phillips Screwdriver (Inline),Fish Scaler,Pharmaceutical Spatula,,Pruning Blade + Electrician's Blade,,Bit Driver,,,,,,,,
SwissChamp XAVT,Large Blade + Small Blade + Corkscrew,Cap-lifter / Bottle Opener + Can Opener + Reamer / Awl,Scissors + Multipurpose Hook,Pliers,Wood Saw + Chisel,Metal Saw / File + Fine Screwdriver,Magnifying Glass + Phillips Screwdriver (Inline) + LED Light,Fish Scaler,Pharmaceutical Spatula,,Pruning Blade + Electrician's Blade,,Bit Driver,,Combo Tool,Large Blade (Serrated),Watch Case Opener,Universal Wrench,,,
SwissChamp XXL,Large Blade + Small Blade + Corkscrew,Cap-lifter / Bottle Opener + Can Opener + Reamer / Awl,Scissors + Multipurpose Hook,Pliers,Wood Saw + Chisel,Metal Saw / File + Fine Screwdriver,Magnifying Glass + Phillips Screwdriver (Inline) + LED Light,Fish Scaler,Pharmaceutical Spatula,,Pruning Blade + Electrician's Blade,,Bit Driver,,Combo Tool,Large Blade (Serrated),Watch Case Opener,Universal Wrench,,,
SwissChamp XXLT,Large Blade + Small Blade + Corkscrew,Cap-lifter / Bottle Opener + Can Opener + Reamer / Awl,Scissors + Multipurpose Hook,Pliers,Wood Saw + Chisel,Metal Saw / File + Fine Screwdriver,Magnifying Glass + Phillips Screwdriver (Inline),Fish Scaler,Pharmaceutical Spatula,,Pruning Blade + Electrician's Blade,,Bit Driver,Butane Lighter,Combo Tool,Large Blade (Serrated),Watch Case Opener,,,,
