model,retired,source
Baker's Knife,Y,SAKwiki model page
Golfer Special,,SAKwiki 91mm Size-Layer tables
Waiter Plus,,SAKwiki 91mm Size-Layer tables
American Eagle,Y,SAKwiki 91mm Size-Layer tables
Compact,,SAKwiki 91mm Size-Layer tables
DofE Pocket Tool,Y,SAKwiki 91mm Size-Layer tables
Engineer,Y,SAKwiki 91mm Size-Layer tables
Golfer,Y,SAKwiki 91mm Size-Layer tables
Lumberjack Big,Y,SAKwiki 91mm Size-Layer tables
McKinley,Y,SAKwiki 91mm Size-Layer tables
Scientist,Y,SAKwiki 91mm Size-Layer tables
Spartan,,SAKwiki 91mm Size-Layer tables
Special Mechanic,Y,SAKwiki 91mm Size-Layer tables
Standard,Y,SAKwiki 91mm Size-Layer tables
TimeKeeper,Y,SAKwiki 91mm Size-Layer tables
TimeKeeper Alarm,Y,SAKwiki 91mm Size-Layer tables
Tinker,,SAKwiki 91mm Size-Layer tables
Weekender,,SAKwiki 91mm Size-Layer tables
Battle of Morgarten,Y,"SAKwiki Swiss Alliances and Battle Series (1983-1991, 9999 pcs each)"
Battle of Laupen,Y,"SAKwiki Swiss Alliances and Battle Series (1983-1991, 9999 pcs each)"
Battle of Sempach,Y,"SAKwiki Swiss Alliances and Battle Series (1983-1991, 9999 pcs each)"
Battle of Nafels,Y,"SAKwiki Swiss Alliances and Battle Series (1983-1991, 9999 pcs each)"
Battle of St. Jakob,Y,"SAKwiki Swiss Alliances and Battle Series (1983-1991, 9999 pcs each)"
Battle of Murten,Y,"SAKwiki Swiss Alliances and Battle Series (1983-1991, 9999 pcs each)"
Altimeter,Y,SAKwiki model page
Automobile,Y,SAKwiki 91mm Size-Layer tables
Automobile Special,Y,SAKwiki 91mm Size-Layer tables
Camper,,SAKwiki 91mm Size-Layer tables
Climber,,SAKwiki 91mm Size-Layer tables
Companion,,SAKwiki 91mm Size-Layer tables
Clipper,Y,SAKwiki 91mm Size-Layer tables
Cybertool S (29),Y,SAKwiki 91mm Size-Layer tables
FASS 90,,SAKwiki 91mm Size-Layer tables
Hiker,,SAKwiki 91mm Size-Layer tables
Mechanic,Y,SAKwiki 91mm Size-Layer tables
Oath of Rutli,Y,"SAKwiki Swiss Alliances and Battle Series (1983-1991, 9999 pcs each)"
Passenger,Y,SAKwiki 91mm Size-Layer tables
Picnicker,Y,SAKwiki 91mm Size-Layer tables
Spartan Lite,Y,SAKwiki 91mm Size-Layer tables
Super Tinker,,SAKwiki 91mm Size-Layer tables
Trail Guide,Y,SAKwiki 91mm Size-Layer tables
Traveller,Y,SAKwiki 91mm Size-Layer tables
Voyager,Y,SAKwiki 91mm Size-Layer tables
Wild Turkey,Y,SAKwiki 91mm Size-Layer tables
Yeoman,Y,SAKwiki 91mm Size-Layer tables
Altimeter Plus,Y,SAKwiki 91mm Size-Layer tables
Angler,,SAKwiki 91mm Size-Layer tables
Bass Fishing,SR,SAKwiki 91mm Size-Layer tables
CampFlame,Y,SAKwiki 91mm Size-Layer tables
Climber Lite,,SAKwiki 91mm Size-Layer tables
Cybertool M (34),,SAKwiki 91mm Size-Layer tables
CyberYeoman,SR,SAKwiki 91mm Size-Layer tables
Deluxe Climber,Y,SAKwiki 91mm Size-Layer tables
Deluxe Tinker,,SAKwiki 91mm Size-Layer tables
Explorer,,SAKwiki 91mm Size-Layer tables
Fieldmaster,,SAKwiki 91mm Size-Layer tables
Fisherman,,SAKwiki 91mm Size-Layer tables
Grand Prix,Y,SAKwiki 91mm Size-Layer tables
Huntsman,,SAKwiki 91mm Size-Layer tables
Master Electrician,SR,SAKwiki 91mm Size-Layer tables
Master Gardener,SR,SAKwiki 91mm Size-Layer tables
Mountaineer,,SAKwiki 91mm Size-Layer tables
SwissFlame,Y,SAKwiki 91mm Size-Layer tables
Traveller Lite,Y,SAKwiki 91mm Size-Layer tables
Voyager Lite,Y,SAKwiki 91mm Size-Layer tables
Whitetail Deer,SR,SAKwiki 91mm Size-Layer tables
Woodsman,Y,SAKwiki 91mm Size-Layer tables
Yeoman Mechanic,SR,SAKwiki 91mm Size-Layer tables
Angler Plus,Y,SAKwiki 91mm Size-Layer tables
Barista Tool,,SAKwiki 91mm Size-Layer tables
Deluxe Angler / Waterman,Y,SAKwiki 91mm Size-Layer tables
Fisherman Plus,Y,SAKwiki 91mm Size-Layer tables
Handyman 7236maU,Y,SAKwiki 91mm Size-Layer tables
Huntsman Lite,,SAKwiki 91mm Size-Layer tables
Luxury Automobile,Y,SAKwiki 91mm Size-Layer tables
Master Craftsman,Y,SAKwiki 91mm Size-Layer tables
Master Fisherman,Y,SAKwiki 91mm Size-Layer tables
Modeler,Y,SAKwiki 91mm Size-Layer tables
Motorist,Y,SAKwiki 91mm Size-Layer tables
Mountaineer Lite,Y,SAKwiki 91mm Size-Layer tables
Outdoorsman-Original,Y,SAKwiki 91mm Size-Layer tables
Ranger,,SAKwiki 91mm Size-Layer tables
Troubleshooter,Y,SAKwiki 91mm Size-Layer tables
Champion A,Y,SAKwiki 91mm Size-Layer tables
Champion B,Y,SAKwiki 91mm Size-Layer tables
Craftsman,Y,SAKwiki 91mm Size-Layer tables
Expedition Lite,Y,SAKwiki 91mm Size-Layer tables
Handyman,,SAKwiki 91mm Size-Layer tables
Outdoorsman,Y,SAKwiki 91mm Size-Layer tables
Champion C,Y,SAKwiki 91mm Size-Layer tables
Champion Plus,Y,SAKwiki 91mm Size-Layer tables
Cybertool L (41),,SAKwiki 91mm Size-Layer tables
Cybertool Lite,Y,SAKwiki 91mm Size-Layer tables
SwissChamp,,SAKwiki 91mm Size-Layer tables
SwissChamp XL,Y,SAKwiki 91mm Size-Layer tables
SwissChamp XLT,Y,SAKwiki 91mm Size-Layer tables
SwissChamp XAVT,Y,SAKwiki 91mm Size-Layer tables
SwissChamp XXL,,SAKwiki 91mm Size-Layer tables
SwissChamp XXLT,Y,SAKwiki 91mm Size-Layer tables
