tool_name,location,description
Large Blade,Front,"Main cutting blade; plain edge on most models."
Large Blade (Serrated),Front,"Fully serrated wavy-edge variant of the main blade."
Small Blade,Front,"Secondary small pen blade."
Pruning Blade,Front,"Small hawkbill-style pruning blade for cutting vegetation."
Electrician's Blade,Front,"Blade with an integrated wire scraper for removing insulation."
Cap-lifter / Bottle Opener,Front,"Bottle opener with a large flat screwdriver tip and an integrated wire bender."
Can Opener,Front,"Can opener with a small flat screwdriver tip that also works with small Phillips screws."
Combo Tool,Front,"Single tool combining cap-lifter, can opener, flat screwdriver and wire-stripper."
Box Opener,Front,"Flat blade for opening boxes with a small slotted screwdriver tip that also fits Phillips screws."
Nail File,Front,"Short nail file with a nail-cleaner tip."
Wood Saw,Front,"Wood saw for branches and general woodcutting; some versions include ruler markings."
Metal Saw / File,Front,"Stainless steel metal file with fine saw teeth and a nail-cleaning tip; usable as both file and saw."
Scissors,Front,"Stainless steel scissors."
Pliers,Front,"Fold-out pliers with integrated wire cutters and a wire crimper in the jaws."
Fish Scaler,Front,"Fish scaler with hook disgorger and a ruler in cm and inches."
Magnifying Glass,Front,"Magnifying glass for close-up inspection work."
Phillips Screwdriver (Inline),Front,"Inline Phillips #1/#2 screwdriver with a 90-degree friction stop."
Technician's Screwdriver,Front,"Fine straight-edge screwdriver for recessed terminal screws."
Bit Driver,Front,"Bit driver using exchangeable hex bits (Phillips/Pozidrive, slotted, hex, Torx)."
LED Light,Front,"White in-line LED module with sliding on/off switch and momentary operation; powered by two replaceable 3V CR1225 cells."
Butane Lighter,Front,"Refillable butane gas lighter with piezoelectric ignition."
Pharmaceutical Spatula,Front,"Stainless spatula for pharmaceutical and medical tasks."
Divot Tool,Front,"Golf divot (turf) repair tool."
Watch Case Opener,Front,"Tool for opening screw-off watch case backs."
Universal Wrench,Front,"Wrench fitting M3, M4 and M5 nuts."
Sight Adjustment Tools,Front,"Pair of tools for adjusting the windage and elevation screws on a SIG 550/STGW 90 rifle rear sight; one tool is built into a backspring, the other is a fold-out flat screwdriver in a sprung alignment cylinder."
Coffee Spatula,Front,"Spatula for leveling and stirring coffee grounds in the portafilter, and for removing the filter basket."
Steam Wand Nozzle Remover,Front,"12mm wrench for tightening or removing the steam wand tip of an espresso machine for cleaning or replacement."
Corkscrew,Back,"Four-turn corkscrew for removing corks; can store the removable mini-screwdriver (excluded from this list)."
Phillips Screwdriver (Backspring),Back,"#2 Phillips screwdriver; mutually exclusive with the corkscrew."
Reamer / Awl,Back,"Reamer/awl punch with a sewing eye for punching holes and sewing."
Multipurpose Hook,Back,"Parcel carrier rated up to 200 lbs; also used as a puller and rope/lace tightener; some versions have an engraved nail-file on the spine."
Fine Screwdriver,Back,"Small 2mm flat screwdriver."
Chisel,Back,"Dedicated narrow chisel."
Long Nail File,Back,"Thin nail file with a nail-cleaner tip; also known as the manicure blade."
Keyring,Back,"Split-ring attachment point at the tail end of the knife."
